web-scraper-order,web-scraper-start-url,container_link,container_link-href,title,price,description,features,image-src,ratings,ratings-href
"1677256730-15","https://www.jumia.co.ke/computing/","Generic Type C Micro USB SD TF OTG Card Reader 5 In 1KSh 390KSh 78050%","https://www.jumia.co.ke/generic-type-c-micro-usb-sd-tf-otg-card-reader-5-in-1-72777261.html","Generic Type C Micro USB SD TF OTG Card Reader 5 In 1","KSh 390","+ shipping from KSh 92 to Embakasi East - Utawala/mihango/GSU","","null","(No ratings available)",""
"1677256742-16","https://www.jumia.co.ke/computing/","HP EliteBook 820 Core I5 4GB RAM 500gb Hdd Slim Ultrabook Laptop RefurbishedKSh 18,900KSh 30,00037%","https://www.jumia.co.ke/hp-elitebook-820-core-i5-4gb-ram-500gb-hdd-slim-ultrabook-laptop-refurbished-96361564.html","HP EliteBook 820 Core I5 4GB RAM 500gb Hdd Slim Ultrabook Laptop Refurbished","KSh 18,900","+ shipping from KSh 166 to Embakasi East - Utawala/mihango/GSU","Internal Storage    500GB","null","(No ratings available)",""
"1677256742-17","https://www.jumia.co.ke/computing/","HP EliteBook 820 Core I5 4GB RAM 500gb Hdd Slim Ultrabook Laptop RefurbishedKSh 18,900KSh 30,00037%","https://www.jumia.co.ke/hp-elitebook-820-core-i5-4gb-ram-500gb-hdd-slim-ultrabook-laptop-refurbished-96361564.html","HP EliteBook 820 Core I5 4GB RAM 500gb Hdd Slim Ultrabook Laptop Refurbished","KSh 18,900","+ shipping from KSh 166 to Embakasi East - Utawala/mihango/GSU","Graphics    Integrated","null","(No ratings available)",""
"1677256742-18","https://www.jumia.co.ke/computing/","HP EliteBook 820 Core I5 4GB RAM 500gb Hdd Slim Ultrabook Laptop RefurbishedKSh 18,900KSh 30,00037%","https://www.jumia.co.ke/hp-elitebook-820-core-i5-4gb-ram-500gb-hdd-slim-ultrabook-laptop-refurbished-96361564.html","HP EliteBook 820 Core I5 4GB RAM 500gb Hdd Slim Ultrabook Laptop Refurbished","KSh 18,900","+ shipping from KSh 166 to Embakasi East - Utawala/mihango/GSU","1 USB 3.0","null","(No ratings available)",""
"1677256742-19","https://www.jumia.co.ke/computing/","HP EliteBook 820 Core I5 4GB RAM 500gb Hdd Slim Ultrabook Laptop RefurbishedKSh 18,900KSh 30,00037%","https://www.jumia.co.ke/hp-elitebook-820-core-i5-4gb-ram-500gb-hdd-slim-ultrabook-laptop-refurbished-96361564.html","HP EliteBook 820 Core I5 4GB RAM 500gb Hdd Slim Ultrabook Laptop Refurbished","KSh 18,900","+ shipping from KSh 166 to Embakasi East - Utawala/mihango/GSU","Intel® Ethernet Connection I219-V 10/100/1000 (with Intel® i3-6100U, i5-6200U, and i7-6500U)","null","(No ratings available)",""
"1677256742-20","https://www.jumia.co.ke/computing/","HP EliteBook 820 Core I5 4GB RAM 500gb Hdd Slim Ultrabook Laptop RefurbishedKSh 18,900KSh 30,00037%","https://www.jumia.co.ke/hp-elitebook-820-core-i5-4gb-ram-500gb-hdd-slim-ultrabook-laptop-refurbished-96361564.html","HP EliteBook 820 Core I5 4GB RAM 500gb Hdd Slim Ultrabook Laptop Refurbished","KSh 18,900","+ shipping from KSh 166 to Embakasi East - Utawala/mihango/GSU","Intel® Dual Band Wireless-AC 8260 802.11a/b/g/n/ac (2x2) WiFi and Bluetooth® 4.2 Combo","null","(No ratings available)",""
"1677256742-21","https://www.jumia.co.ke/computing/","HP EliteBook 820 Core I5 4GB RAM 500gb Hdd Slim Ultrabook Laptop RefurbishedKSh 18,900KSh 30,00037%","https://www.jumia.co.ke/hp-elitebook-820-core-i5-4gb-ram-500gb-hdd-slim-ultrabook-laptop-refurbished-96361564.html","HP EliteBook 820 Core I5 4GB RAM 500gb Hdd Slim Ultrabook Laptop Refurbished","KSh 18,900","+ shipping from KSh 166 to Embakasi East - Utawala/mihango/GSU","1 media card reader","null","(No ratings available)",""
"1677256742-22","https://www.jumia.co.ke/computing/","HP EliteBook 820 Core I5 4GB RAM 500gb Hdd Slim Ultrabook Laptop RefurbishedKSh 18,900KSh 30,00037%","https://www.jumia.co.ke/hp-elitebook-820-core-i5-4gb-ram-500gb-hdd-slim-ultrabook-laptop-refurbished-96361564.html","HP EliteBook 820 Core I5 4GB RAM 500gb Hdd Slim Ultrabook Laptop Refurbished","KSh 18,900","+ shipping from KSh 166 to Embakasi East - Utawala/mihango/GSU","Supports SD, SDHC, SDXC.","null","(No ratings available)",""
"1677256755-23","https://www.jumia.co.ke/computing/","HP Refurbished EliteBook Folio 9470 14"" Intel Core I5 4GB, 500GBKSh 22,800KSh 29,00021%","https://www.jumia.co.ke/hp-refurbished-elitebook-folio-9470-14-intel-core-i5-4gb-500gb-91011935.html","HP Refurbished EliteBook Folio 9470 14"" Intel Core I5 4GB, 500GB","KSh 22,800","+ shipping from KSh 166 to Embakasi East - Utawala/mihango/GSU","","null","(No ratings available)",""
"1677256770-24","https://www.jumia.co.ke/computing/","HP Refurbished Elitebook 9470m..,Core I5 Intel 4thGen, 500GB HHD, 4GB RAM,14"" - SilverKSh 26,200KSh 33,50022%","https://www.jumia.co.ke/hp-refurbished-elitebook-9470m..core-i5-intel-4thgen-500gb-hhd-4gb-ram14-silver-69975344.html","HP Refurbished Elitebook 9470m..,Core I5 Intel 4thGen, 500GB HHD, 4GB RAM,14"" - Silver","KSh 26,200","+ shipping from KSh 166 to Embakasi East - Utawala/mihango/GSU","OS: Win 10 Installed","null","(No ratings available)",""
"1677256770-25","https://www.jumia.co.ke/computing/","HP Refurbished Elitebook 9470m..,Core I5 Intel 4thGen, 500GB HHD, 4GB RAM,14"" - SilverKSh 26,200KSh 33,50022%","https://www.jumia.co.ke/hp-refurbished-elitebook-9470m..core-i5-intel-4thgen-500gb-hhd-4gb-ram14-silver-69975344.html","HP Refurbished Elitebook 9470m..,Core I5 Intel 4thGen, 500GB HHD, 4GB RAM,14"" - Silver","KSh 26,200","+ shipping from KSh 166 to Embakasi East - Utawala/mihango/GSU","RAM‎:‎ 4GB RAM","null","(No ratings available)",""
"1677256770-26","https://www.jumia.co.ke/computing/","HP Refurbished Elitebook 9470m..,Core I5 Intel 4thGen, 500GB HHD, 4GB RAM,14"" - SilverKSh 26,200KSh 33,50022%","https://www.jumia.co.ke/hp-refurbished-elitebook-9470m..core-i5-intel-4thgen-500gb-hhd-4gb-ram14-silver-69975344.html","HP Refurbished Elitebook 9470m..,Core I5 Intel 4thGen, 500GB HHD, 4GB RAM,14"" - Silver","KSh 26,200","+ shipping from KSh 166 to Embakasi East - Utawala/mihango/GSU","Hard Drive‎:‎ 500GB","null","(No ratings available)",""
"1677256770-27","https://www.jumia.co.ke/computing/","HP Refurbished Elitebook 9470m..,Core I5 Intel 4thGen, 500GB HHD, 4GB RAM,14"" - SilverKSh 26,200KSh 33,50022%","https://www.jumia.co.ke/hp-refurbished-elitebook-9470m..core-i5-intel-4thgen-500gb-hhd-4gb-ram14-silver-69975344.html","HP Refurbished Elitebook 9470m..,Core I5 Intel 4thGen, 500GB HHD, 4GB RAM,14"" - Silver","KSh 26,200","+ shipping from KSh 166 to Embakasi East - Utawala/mihango/GSU","Wireless Protocol: 802.11n, Bluetooth 4.0","null","(No ratings available)",""
"1677256770-28","https://www.jumia.co.ke/computing/","HP Refurbished Elitebook 9470m..,Core I5 Intel 4thGen, 500GB HHD, 4GB RAM,14"" - SilverKSh 26,200KSh 33,50022%","https://www.jumia.co.ke/hp-refurbished-elitebook-9470m..core-i5-intel-4thgen-500gb-hhd-4gb-ram14-silver-69975344.html","HP Refurbished Elitebook 9470m..,Core I5 Intel 4thGen, 500GB HHD, 4GB RAM,14"" - Silver","KSh 26,200","+ shipping from KSh 166 to Embakasi East - Utawala/mihango/GSU","USB","null","(No ratings available)",""
"1677256770-29","https://www.jumia.co.ke/computing/","HP Refurbished Elitebook 9470m..,Core I5 Intel 4thGen, 500GB HHD, 4GB RAM,14"" - SilverKSh 26,200KSh 33,50022%","https://www.jumia.co.ke/hp-refurbished-elitebook-9470m..core-i5-intel-4thgen-500gb-hhd-4gb-ram14-silver-69975344.html","HP Refurbished Elitebook 9470m..,Core I5 Intel 4thGen, 500GB HHD, 4GB RAM,14"" - Silver","KSh 26,200","+ shipping from KSh 166 to Embakasi East - Utawala/mihango/GSU","Supported Flash Memory: SD Memory Card , SDHC Memory Card , SDXC Memory Card","null","(No ratings available)",""
"1677256770-30","https://www.jumia.co.ke/computing/","HP Refurbished Elitebook 9470m..,Core I5 Intel 4thGen, 500GB HHD, 4GB RAM,14"" - SilverKSh 26,200KSh 33,50022%","https://www.jumia.co.ke/hp-refurbished-elitebook-9470m..core-i5-intel-4thgen-500gb-hhd-4gb-ram14-silver-69975344.html","HP Refurbished Elitebook 9470m..,Core I5 Intel 4thGen, 500GB HHD, 4GB RAM,14"" - Silver","KSh 26,200","+ shipping from KSh 166 to Embakasi East - Utawala/mihango/GSU","Graphics Processor: Intel HD Graphics 4600","null","(No ratings available)",""
"1677256770-31","https://www.jumia.co.ke/computing/","HP Refurbished Elitebook 9470m..,Core I5 Intel 4thGen, 500GB HHD, 4GB RAM,14"" - SilverKSh 26,200KSh 33,50022%","https://www.jumia.co.ke/hp-refurbished-elitebook-9470m..core-i5-intel-4thgen-500gb-hhd-4gb-ram14-silver-69975344.html","HP Refurbished Elitebook 9470m..,Core I5 Intel 4thGen, 500GB HHD, 4GB RAM,14"" - Silver","KSh 26,200","+ shipping from KSh 166 to Embakasi East - Utawala/mihango/GSU","Type: keyboard, touchpad","null","(No ratings available)",""
"1677256770-32","https://www.jumia.co.ke/computing/","HP Refurbished Elitebook 9470m..,Core I5 Intel 4thGen, 500GB HHD, 4GB RAM,14"" - SilverKSh 26,200KSh 33,50022%","https://www.jumia.co.ke/hp-refurbished-elitebook-9470m..core-i5-intel-4thgen-500gb-hhd-4gb-ram14-silver-69975344.html","HP Refurbished Elitebook 9470m..,Core I5 Intel 4thGen, 500GB HHD, 4GB RAM,14"" - Silver","KSh 26,200","+ shipping from KSh 166 to Embakasi East - Utawala/mihango/GSU","Input: AC 120/230 V (50/60 Hz)","null","(No ratings available)",""
"1677256786-33","https://www.jumia.co.ke/computing/","HP Refurbished 348 7th Gen Intel Core I5 Ram 8GB, Hdd 500GB - 14"" - Sliver Win 10 TrialKSh 26,399KSh 38,00031%","https://www.jumia.co.ke/hp-refurbished-348-7th-gen-intel-core-i5-ram-8gb-hdd-500gb-14-sliver-win-10-trial-111325485.html","HP Refurbished 348 7th Gen Intel Core I5 Ram 8GB, Hdd 500GB - 14"" - Sliver Win 10 Trial","KSh 26,399","+ shipping from KSh 166 to Embakasi East - Utawala/mihango/GSU","Chipset is integrated with processor","null","(No ratings available)",""
"1677256786-34","https://www.jumia.co.ke/computing/","HP Refurbished 348 7th Gen Intel Core I5 Ram 8GB, Hdd 500GB - 14"" - Sliver Win 10 TrialKSh 26,399KSh 38,00031%","https://www.jumia.co.ke/hp-refurbished-348-7th-gen-intel-core-i5-ram-8gb-hdd-500gb-14-sliver-win-10-trial-111325485.html","HP Refurbished 348 7th Gen Intel Core I5 Ram 8GB, Hdd 500GB - 14"" - Sliver Win 10 Trial","KSh 26,399","+ shipping from KSh 166 to Embakasi East - Utawala/mihango/GSU","Spill-resistant keyboard with drain","null","(No ratings available)",""
"1677256786-35","https://www.jumia.co.ke/computing/","HP Refurbished 348 7th Gen Intel Core I5 Ram 8GB, Hdd 500GB - 14"" - Sliver Win 10 TrialKSh 26,399KSh 38,00031%","https://www.jumia.co.ke/hp-refurbished-348-7th-gen-intel-core-i5-ram-8gb-hdd-500gb-14-sliver-win-10-trial-111325485.html","HP Refurbished 348 7th Gen Intel Core I5 Ram 8GB, Hdd 500GB - 14"" - Sliver Win 10 Trial","KSh 26,399","+ shipping from KSh 166 to Embakasi East - Utawala/mihango/GSU","720p HD webcam","null","(No ratings available)",""
"1677256786-36","https://www.jumia.co.ke/computing/","HP Refurbished 348 7th Gen Intel Core I5 Ram 8GB, Hdd 500GB - 14"" - Sliver Win 10 TrialKSh 26,399KSh 38,00031%","https://www.jumia.co.ke/hp-refurbished-348-7th-gen-intel-core-i5-ram-8gb-hdd-500gb-14-sliver-win-10-trial-111325485.html","HP Refurbished 348 7th Gen Intel Core I5 Ram 8GB, Hdd 500GB - 14"" - Sliver Win 10 Trial","KSh 26,399","+ shipping from KSh 166 to Embakasi East - Utawala/mihango/GSU","45 W Smart AC adapter HP Long Life 3-cell; 46 WHr Li-ion polymer","null","(No ratings available)",""
"1677256786-37","https://www.jumia.co.ke/computing/","HP Refurbished 348 7th Gen Intel Core I5 Ram 8GB, Hdd 500GB - 14"" - Sliver Win 10 TrialKSh 26,399KSh 38,00031%","https://www.jumia.co.ke/hp-refurbished-348-7th-gen-intel-core-i5-ram-8gb-hdd-500gb-14-sliver-win-10-trial-111325485.html","HP Refurbished 348 7th Gen Intel Core I5 Ram 8GB, Hdd 500GB - 14"" - Sliver Win 10 Trial","KSh 26,399","+ shipping from KSh 166 to Embakasi East - Utawala/mihango/GSU","Compliance ENERGY STAR® certified configurations available","null","(No ratings available)",""
"1677256786-38","https://www.jumia.co.ke/computing/","HP Refurbished 348 7th Gen Intel Core I5 Ram 8GB, Hdd 500GB - 14"" - Sliver Win 10 TrialKSh 26,399KSh 38,00031%","https://www.jumia.co.ke/hp-refurbished-348-7th-gen-intel-core-i5-ram-8gb-hdd-500gb-14-sliver-win-10-trial-111325485.html","HP Refurbished 348 7th Gen Intel Core I5 Ram 8GB, Hdd 500GB - 14"" - Sliver Win 10 Trial","KSh 26,399","+ shipping from KSh 166 to Embakasi East - Utawala/mihango/GSU","33.8 x 23.7 x 1.89 cm","null","(No ratings available)",""
"1677256786-39","https://www.jumia.co.ke/computing/","HP Refurbished 348 7th Gen Intel Core I5 Ram 8GB, Hdd 500GB - 14"" - Sliver Win 10 TrialKSh 26,399KSh 38,00031%","https://www.jumia.co.ke/hp-refurbished-348-7th-gen-intel-core-i5-ram-8gb-hdd-500gb-14-sliver-win-10-trial-111325485.html","HP Refurbished 348 7th Gen Intel Core I5 Ram 8GB, Hdd 500GB - 14"" - Sliver Win 10 Trial","KSh 26,399","+ shipping from KSh 166 to Embakasi East - Utawala/mihango/GSU","Security lock slot","null","(No ratings available)",""
"1677256798-40","https://www.jumia.co.ke/computing/","Generic LAN Network Cable RJ45 CAT6 10M Plus 100 Pcs ClipsKSh 699KSh 80013%","https://www.jumia.co.ke/generic-lan-network-cable-rj45-cat6-10m-plus-100-pcs-clips-117286792.html","Generic LAN Network Cable RJ45 CAT6 10M Plus 100 Pcs Clips","KSh 699","+ shipping from KSh 102 to Embakasi East - Utawala/mihango/GSU","","null","(No ratings available)",""
"1677256815-41","https://www.jumia.co.ke/computing/","HP Refurbished 430 G1 - Intel Core I5, 4 GB RAM , 500 GB HDD - Windows 10 ProKSh 20,500KSh 29,00029%","https://www.jumia.co.ke/hp-refurbished-430-g1-intel-core-i5-4-gb-ram-500-gb-hdd-windows-10-pro-102321683.html","HP Refurbished 430 G1 - Intel Core I5, 4 GB RAM , 500 GB HDD - Windows 10 Pro","KSh 20,500","+ shipping from KSh 166 to Embakasi East - Utawala/mihango/GSU","Storage: Hard Drive‎:‎ 500GB","null","(No ratings available)",""
"1677256847-42","https://www.jumia.co.ke/computing/","Generic Usb Type C Hub 4 In 1KSh 4,000","https://www.jumia.co.ke/generic-usb-type-c-hub-4-in-1-47258812.html","Generic Usb Type C Hub 4 In 1","KSh 4,000","+ shipping from KSh 102 to Embakasi East - Utawala/mihango/GSU","","null","(No ratings available)",""
"1677256859-43","https://www.jumia.co.ke/computing/","Lenovo Refurbished Lenovo G50KSh 20,000","https://www.jumia.co.ke/lenovo-refurbished-lenovo-g50-115562475.html","Lenovo Refurbished Lenovo G50","KSh 20,000","+ shipping from KSh 166 to Embakasi East - Utawala/mihango/GSU","","null","(No ratings available)",""
"1677256872-44","https://www.jumia.co.ke/computing/","Tech week dealApple Refurbished MacBook Pro 13 Core I5 8GB RAM 1TB HDD 2.3GHz (2011) Laptop Silver + Free BagKSh 27,490KSh 40,00031%","https://www.jumia.co.ke/apple-refurbished-macbook-pro-13-core-i5-8gb-ram-1tb-hdd-2.3ghz-2011-laptop-silver-free-bag-112887181.html","Apple Refurbished MacBook Pro 13 Core I5 8GB RAM 1TB HDD 2.3GHz (2011) Laptop Silver + Free Bag","KSh 27,490","+ shipping from KSh 166 to Embakasi East - Utawala/mihango/GSU","Processor Brand - Intel","null","(1 verified rating)","https://www.jumia.co.ke/catalog/productratingsreviews/sku/AP044CL1YCZD1NAFAMZ/"
"1677256872-45","https://www.jumia.co.ke/computing/","Tech week dealApple Refurbished MacBook Pro 13 Core I5 8GB RAM 1TB HDD 2.3GHz (2011) Laptop Silver + Free BagKSh 27,490KSh 40,00031%","https://www.jumia.co.ke/apple-refurbished-macbook-pro-13-core-i5-8gb-ram-1tb-hdd-2.3ghz-2011-laptop-silver-free-bag-112887181.html","Apple Refurbished MacBook Pro 13 Core I5 8GB RAM 1TB HDD 2.3GHz (2011) Laptop Silver + Free Bag","KSh 27,490","+ shipping from KSh 166 to Embakasi East - Utawala/mihango/GSU","Screen Size - 33.78 cm (13.3 inch)","null","(1 verified rating)","https://www.jumia.co.ke/catalog/productratingsreviews/sku/AP044CL1YCZD1NAFAMZ/"
"1677256872-46","https://www.jumia.co.ke/computing/","Tech week dealApple Refurbished MacBook Pro 13 Core I5 8GB RAM 1TB HDD 2.3GHz (2011) Laptop Silver + Free BagKSh 27,490KSh 40,00031%","https://www.jumia.co.ke/apple-refurbished-macbook-pro-13-core-i5-8gb-ram-1tb-hdd-2.3ghz-2011-laptop-silver-free-bag-112887181.html","Apple Refurbished MacBook Pro 13 Core I5 8GB RAM 1TB HDD 2.3GHz (2011) Laptop Silver + Free Bag","KSh 27,490","+ shipping from KSh 166 to Embakasi East - Utawala/mihango/GSU","Wireless LAN - IEEE 802.11a/b/g/n","null","(1 verified rating)","https://www.jumia.co.ke/catalog/productratingsreviews/sku/AP044CL1YCZD1NAFAMZ/"
"1677256885-47","https://www.jumia.co.ke/computing/","HP Refurbished Elitebook 2570P - Core I5 - 320GB/4GB RAM - Sliver -  12.5""KSh 14,999KSh 16,4999%3.8 out of 5(25)","https://www.jumia.co.ke/hp-refurbished-elitebook-2570p-core-i5-320gb4gb-ram-sliver-12.5-33105466.html","HP Refurbished Elitebook 2570P - Core I5 - 320GB/4GB RAM - Sliver -  12.5""","KSh 14,999","+ shipping from KSh 166 to Embakasi East - Utawala/mihango/GSU","","null","(25 verified ratings)","https://www.jumia.co.ke/catalog/productratingsreviews/sku/HP246EL13K991NAFAMZ/"
"1677256898-48","https://www.jumia.co.ke/computing/","Tech week dealGeneric 64 GB Memory Card SD Card TF CardKSh 570KSh 1,01644%3.5 out of 5(22)","https://www.jumia.co.ke/generic-64-gb-memory-card-sd-card-tf-card-73749513.html","Generic 64 GB Memory Card SD Card TF Card","KSh 570","+ delivery from KSh 84 (free delivery if order above KSh 1,999) to Embakasi East - Utawala/mihango/GSU","","null","(22 verified ratings)","https://www.jumia.co.ke/catalog/productratingsreviews/sku/FA113EA0IT6NLNAFAMZ/"
"1677256912-49","https://www.jumia.co.ke/computing/","Tech week dealFashion 128GB Pendrive Flash  Drive  High Speed OTG TYPE-CKSh 760KSh 1,23538%4.2 out of 5(44)","https://www.jumia.co.ke/fashion-128gb-pendrive-flash-drive-high-speed-otg-type-c-71742697.html","Fashion 128GB Pendrive Flash  Drive  High Speed OTG TYPE-C","KSh 760","+ delivery from KSh 84 (free delivery if order above KSh 1,999) to Embakasi East - Utawala/mihango/GSU","","null","(44 verified ratings)","https://www.jumia.co.ke/catalog/productratingsreviews/sku/FA113EA1BEMTPNAFAMZ/"
"1677256924-50","https://www.jumia.co.ke/computing/","Tech week dealSandisk 32GB Cruzer Blade USB Flash Disk DriveKSh 559KSh 89938%5 out of 5(1)","https://www.jumia.co.ke/sandisk-32gb-cruzer-blade-usb-flash-disk-drive-115595983.html","Sandisk 32GB Cruzer Blade USB Flash Disk Drive","KSh 559","+ shipping from KSh 84 to Embakasi East - Utawala/mihango/GSU","","null","(1 verified rating)","https://www.jumia.co.ke/catalog/productratingsreviews/sku/SA949EA2AQDVJNAFAMZ/"
"1677256940-51","https://www.jumia.co.ke/computing/","Tech week dealIOOIOO USB Flash Disk High Speed Drivers Metallic - 32GBKSh 444KSh 77343%4.6 out of 5(16)","https://www.jumia.co.ke/iooioo-usb-flash-disk-high-speed-drivers-metallic-32gb-58275034.html","IOOIOO USB Flash Disk High Speed Drivers Metallic - 32GB","KSh 444","+ delivery from KSh 84 (free delivery if order above KSh 1,999) to Embakasi East - Utawala/mihango/GSU","About The USB Flash Drive Capacity","null","(16 verified ratings)","https://www.jumia.co.ke/catalog/productratingsreviews/sku/IO555EA0PMV7PNAFAMZ/"
"1677256940-52","https://www.jumia.co.ke/computing/","Tech week dealIOOIOO USB Flash Disk High Speed Drivers Metallic - 32GBKSh 444KSh 77343%4.6 out of 5(16)","https://www.jumia.co.ke/iooioo-usb-flash-disk-high-speed-drivers-metallic-32gb-58275034.html","IOOIOO USB Flash Disk High Speed Drivers Metallic - 32GB","KSh 444","+ delivery from KSh 84 (free delivery if order above KSh 1,999) to Embakasi East - Utawala/mihango/GSU","32GB = approximately 28G-29G","null","(16 verified ratings)","https://www.jumia.co.ke/catalog/productratingsreviews/sku/IO555EA0PMV7PNAFAMZ/"
"1677256940-53","https://www.jumia.co.ke/computing/","Tech week dealIOOIOO USB Flash Disk High Speed Drivers Metallic - 32GBKSh 444KSh 77343%4.6 out of 5(16)","https://www.jumia.co.ke/iooioo-usb-flash-disk-high-speed-drivers-metallic-32gb-58275034.html","IOOIOO USB Flash Disk High Speed Drivers Metallic - 32GB","KSh 444","+ delivery from KSh 84 (free delivery if order above KSh 1,999) to Embakasi East - Utawala/mihango/GSU","To avoid data loss or mechanical damage, do not power down your computer or unplug flash disk during transfer.","null","(16 verified ratings)","https://www.jumia.co.ke/catalog/productratingsreviews/sku/IO555EA0PMV7PNAFAMZ/"
"1677256956-54","https://www.jumia.co.ke/computing/","Tech week dealOfficial StoreQwen Mini Wireless Mouse  & Keyboard Combo -BlackKSh 1,290KSh 2,58050%4.5 out of 5(54)","https://www.jumia.co.ke/qwen-mini-wireless-mouse-keyboard-combo-black-65472353.html","Qwen Mini Wireless Mouse  & Keyboard Combo -Black","KSh 1,290","+ delivery from KSh 102 (free delivery if order above KSh 1,999) to Embakasi East - Utawala/mihango/GSU","Specification:","null","(54 verified ratings)","https://www.jumia.co.ke/catalog/productratingsreviews/sku/QW220EA0L16U8NAFAMZ/"
"1677256956-55","https://www.jumia.co.ke/computing/","Tech week dealOfficial StoreQwen Mini Wireless Mouse  & Keyboard Combo -BlackKSh 1,290KSh 2,58050%4.5 out of 5(54)","https://www.jumia.co.ke/qwen-mini-wireless-mouse-keyboard-combo-black-65472353.html","Qwen Mini Wireless Mouse  & Keyboard Combo -Black","KSh 1,290","+ delivery from KSh 102 (free delivery if order above KSh 1,999) to Embakasi East - Utawala/mihango/GSU","Package included:","null","(54 verified ratings)","https://www.jumia.co.ke/catalog/productratingsreviews/sku/QW220EA0L16U8NAFAMZ/"
"1677256956-56","https://www.jumia.co.ke/computing/","Tech week dealOfficial StoreQwen Mini Wireless Mouse  & Keyboard Combo -BlackKSh 1,290KSh 2,58050%4.5 out of 5(54)","https://www.jumia.co.ke/qwen-mini-wireless-mouse-keyboard-combo-black-65472353.html","Qwen Mini Wireless Mouse  & Keyboard Combo -Black","KSh 1,290","+ delivery from KSh 102 (free delivery if order above KSh 1,999) to Embakasi East - Utawala/mihango/GSU","Notice:","null","(54 verified ratings)","https://www.jumia.co.ke/catalog/productratingsreviews/sku/QW220EA0L16U8NAFAMZ/"
"1677256972-57","https://www.jumia.co.ke/computing/","Tech week dealtenda N300 300 Mbps Wireless WiFi RouterKSh 1,950KSh 2,60025%4.7 out of 5(3)","https://www.jumia.co.ke/tenda-n300-300-mbps-wireless-wifi-router-101194297.html","tenda N300 300 Mbps Wireless WiFi Router","KSh 1,950","+ shipping from KSh 102 to Embakasi East - Utawala/mihango/GSU","","null","(3 verified ratings)","https://www.jumia.co.ke/catalog/productratingsreviews/sku/TE644EA2YPXHYNAFAMZ/"
"1677256990-58","https://www.jumia.co.ke/computing/","HP 64GB High Speed Compact USB Flash DiskKSh 725KSh 1,30044%4 out of 5(55)","https://www.jumia.co.ke/hp-64gb-high-speed-compact-usb-flash-disk-35012244.html","HP 64GB High Speed Compact USB Flash Disk","KSh 725","+ shipping from KSh 84 to Embakasi East - Utawala/mihango/GSU","","null","(55 verified ratings)","https://www.jumia.co.ke/catalog/productratingsreviews/sku/HP246EA0QBT6LNAFAMZ/"
"1677257003-59","https://www.jumia.co.ke/computing/","Tech week dealAdvance 32GB Metallic Flash Disk  Drive Otg Cable + GIFTSKSh 750KSh 1,20038%offers from4.3 out of 5(4)","https://www.jumia.co.ke/32gb-flash-disk-silverfree-usb-cable-gifts-advance-mpg436025.html","Advance 32GB Metallic Flash Disk  Drive Otg Cable + GIFTS","KSh 750","+ shipping from KSh 84 to Embakasi East - Utawala/mihango/GSU","","null","(4 verified ratings)","https://www.jumia.co.ke/catalog/productratingsreviews/sku/AD846EA0EE7D6NAFAMZ/"
"1677257018-60","https://www.jumia.co.ke/computing/","Official StoreQwen 64GB Memory Card High Speed -BlueKSh 629KSh 1,25850%4.3 out of 5(425)","https://www.jumia.co.ke/memory-card-64gb-high-speed-blue-qwen-mpg399528.html","Qwen 64GB Memory Card High Speed -Blue","KSh 629","+ delivery from KSh 84 (free delivery if order above KSh 1,999) to Embakasi East - Utawala/mihango/GSU","Actual capacity：59G","null","(425 verified ratings)","https://www.jumia.co.ke/catalog/productratingsreviews/sku/QW220EA00J9MNNAFAMZ/"
"1677257036-61","https://www.jumia.co.ke/computing/","Tech week dealHP USB Flash Drive-2.0-64gb-silver KE03-18-64gKSh 650KSh 1,00035%4 out of 5(5)","https://www.jumia.co.ke/hp-usb-flash-drive-2.0-64gb-silver-ke03-18-64g-74451214.html","HP USB Flash Drive-2.0-64gb-silver KE03-18-64g","KSh 650","+ delivery from KSh 84 (free delivery if order above KSh 1,999) to Embakasi East - Utawala/mihango/GSU","","null","(5 verified ratings)","https://www.jumia.co.ke/catalog/productratingsreviews/sku/HP246EA0OJE1JNAFAMZ/"
"1677257050-62","https://www.jumia.co.ke/computing/","HP Refurbished Chromebook 11 4GB 16 HDD Chromebook   OS,  + FREE MOUSEKSh 11,899KSh 14,90020%3.7 out of 5(6)","https://www.jumia.co.ke/hp-refurbished-chromebook-11-4gb-16-hdd-chromebook-os-free-mouse-77761059.html","HP Refurbished Chromebook 11 4GB 16 HDD Chromebook   OS,  + FREE MOUSE","KSh 11,899","+ shipping from KSh 166 to Embakasi East - Utawala/mihango/GSU","","null","(6 verified ratings)","https://www.jumia.co.ke/catalog/productratingsreviews/sku/HP246CL1KKJEXNAFAMZ/"
"1677257060-63","https://www.jumia.co.ke/computing/","Tech week dealOfficial StoreQwen Smart TV Wireless Mini Keyboard With MiceTouchpadKSh 688KSh 1,31648%4.2 out of 5(65)","https://www.jumia.co.ke/qwen-smart-tv-wireless-mini-keyboard-with-micetouchpad-62324892.html","Qwen Smart TV Wireless Mini Keyboard With MiceTouchpad","KSh 688","+ delivery from KSh 102 (free delivery if order above KSh 1,999) to Embakasi East - Utawala/mihango/GSU","","null","(65 verified ratings)","https://www.jumia.co.ke/catalog/productratingsreviews/sku/QW220EA0HRMHINAFAMZ/"
"1677257070-64","https://www.jumia.co.ke/computing/","HP 32GB Metallic Flash Disk Pen Drive USB 2.0KSh 580KSh 99942%4.3 out of 5(121)","https://www.jumia.co.ke/hp-32gb-metallic-flash-disk-pen-drive-usb-2.0-39134398.html","HP 32GB Metallic Flash Disk Pen Drive USB 2.0","KSh 580","+ shipping from KSh 84 to Embakasi East - Utawala/mihango/GSU","","null","(121 verified ratings)","https://www.jumia.co.ke/catalog/productratingsreviews/sku/HP246EA1H6XNDNAFAMZ/"
"1677257080-65","https://www.jumia.co.ke/computing/","Tech week dealGeneric Computer Backpack 3-Piece Set - GreyKSh 1,050KSh 1,60034%3.3 out of 5(4)","https://www.jumia.co.ke/generic-computer-backpack-3-piece-set-grey-71655047.html","Generic Computer Backpack 3-Piece Set - Grey","KSh 1,050","+ delivery from KSh 102 (free delivery if order above KSh 1,999) to Embakasi East - Utawala/mihango/GSU","","null","(4 verified ratings)","https://www.jumia.co.ke/catalog/productratingsreviews/sku/GE840EA1839OHNAFAMZ/"
"1677257089-66","https://www.jumia.co.ke/computing/","Generic Wired USB  Mouse Colorful Backlight+Mouse PadKSh 359KSh 39910%4.2 out of 5(19)","https://www.jumia.co.ke/generic-wired-usb-mouse-colorful-backlightmouse-pad-73945357.html","Generic Wired USB  Mouse Colorful Backlight+Mouse Pad","KSh 359","+ shipping from KSh 102 to Embakasi East - Utawala/mihango/GSU","","null","(19 verified ratings)","https://www.jumia.co.ke/catalog/productratingsreviews/sku/GE840EA18V48PNAFAMZ/"
"1677257099-67","https://www.jumia.co.ke/computing/","Official StoreAnnov Memory Card 32GB High Speed,Get Free EarphonesKSh 489KSh 56213%3.9 out of 5(375)","https://www.jumia.co.ke/annov-memory-card-32gb-high-speedget-free-earphones-30859110.html","Annov Memory Card 32GB High Speed,Get Free Earphones","KSh 489","+ shipping from KSh 84 to Embakasi East - Utawala/mihango/GSU","","null","(375 verified ratings)","https://www.jumia.co.ke/catalog/productratingsreviews/sku/AN944EA00PMORNAFAMZ/"
"1677257110-68","https://www.jumia.co.ke/computing/","Tech week dealAdvance 64GB Flash Disk - (Silver)+ Free Mk GIFTSKSh 1,250KSh 2,20043%4.3 out of 5(63)","https://www.jumia.co.ke/64gb-flash-disk-silver-free-mk-gifts-advance-mpg376599.html","Advance 64GB Flash Disk - (Silver)+ Free Mk GIFTS","KSh 1,250","+ delivery from KSh 84 (free delivery if order above KSh 1,999) to Embakasi East - Utawala/mihango/GSU","","null","(63 verified ratings)","https://www.jumia.co.ke/catalog/productratingsreviews/sku/AD846EA166X8ANAFAMZ/"
"1677257120-69","https://www.jumia.co.ke/computing/","Tech week dealSandisk HIGH PERFORMANCE 32 Gb Flash DiskKSh 598KSh 95938%4.8 out of 5(21)","https://www.jumia.co.ke/sandisk-high-performance-32-gb-flash-disk-35029199.html","Sandisk HIGH PERFORMANCE 32 Gb Flash Disk","KSh 598","+ shipping from KSh 84 to Embakasi East - Utawala/mihango/GSU","","null","(21 verified ratings)","https://www.jumia.co.ke/catalog/productratingsreviews/sku/SA949EA1N212TNAFAMZ/"
"1677257129-70","https://www.jumia.co.ke/computing/","Official StoreQwen Wireless Mouse Rechargeable Slient Mouse 2.4GHzKSh 529KSh 89041%4.5 out of 5(343)","https://www.jumia.co.ke/qwen-wireless-mouse-rechargeable-slient-mouse-2.4ghz-47820740.html","Qwen Wireless Mouse Rechargeable Slient Mouse 2.4GHz","KSh 529","+ delivery from KSh 102 (free delivery if order above KSh 1,999) to Embakasi East - Utawala/mihango/GSU","Ultra-slim design, fashionable and convenient.","null","(343 verified ratings)","https://www.jumia.co.ke/catalog/productratingsreviews/sku/QW220EA02SSRENAFAMZ/"
"1677257129-71","https://www.jumia.co.ke/computing/","Official StoreQwen Wireless Mouse Rechargeable Slient Mouse 2.4GHzKSh 529KSh 89041%4.5 out of 5(343)","https://www.jumia.co.ke/qwen-wireless-mouse-rechargeable-slient-mouse-2.4ghz-47820740.html","Qwen Wireless Mouse Rechargeable Slient Mouse 2.4GHz","KSh 529","+ delivery from KSh 102 (free delivery if order above KSh 1,999) to Embakasi East - Utawala/mihango/GSU","Don't disaseemble the prodcut by your self","null","(343 verified ratings)","https://www.jumia.co.ke/catalog/productratingsreviews/sku/QW220EA02SSRENAFAMZ/"
"1677257137-72","https://www.jumia.co.ke/computing/","Tech week dealFashion Waterproof Backpack - BlueKSh 889KSh 1,59944%3.3 out of 5(74)","https://www.jumia.co.ke/fashion-waterproof-backpack-blue-35055701.html","Fashion Waterproof Backpack - Blue","KSh 889","+ delivery from KSh 102 (free delivery if order above KSh 1,999) to Embakasi East - Utawala/mihango/GSU","","null","(74 verified ratings)","https://www.jumia.co.ke/catalog/productratingsreviews/sku/FA113EA06EINHNAFAMZ/"
"1677257144-73","https://www.jumia.co.ke/computing/","HP Refurbished EliteBook Revolve 810 G3 TOUCHSCREEN-Core I5-8GB RAM,256GB SSD-Silver (WIN 10)+Docking StationKSh 27,999KSh 32,00013%4.7 out of 5(7)","https://www.jumia.co.ke/hp-refurbished-elitebook-revolve-810-g3-touchscreen-core-i5-8gb-ram256gb-ssd-silver-win-10docking-station-89455897.html","HP Refurbished EliteBook Revolve 810 G3 TOUCHSCREEN-Core I5-8GB RAM,256GB SSD-Silver (WIN 10)+Docking Station","KSh 27,999","+ shipping from KSh 166 to Embakasi East - Utawala/mihango/GSU","Chipset integrated with processor","null","(7 verified ratings)","https://www.jumia.co.ke/catalog/productratingsreviews/sku/HP246CL1BJKWANAFAMZ/"
"1677257144-74","https://www.jumia.co.ke/computing/","HP Refurbished EliteBook Revolve 810 G3 TOUCHSCREEN-Core I5-8GB RAM,256GB SSD-Silver (WIN 10)+Docking StationKSh 27,999KSh 32,00013%4.7 out of 5(7)","https://www.jumia.co.ke/hp-refurbished-elitebook-revolve-810-g3-touchscreen-core-i5-8gb-ram256gb-ssd-silver-win-10docking-station-89455897.html","HP Refurbished EliteBook Revolve 810 G3 TOUCHSCREEN-Core I5-8GB RAM,256GB SSD-Silver (WIN 10)+Docking Station","KSh 27,999","+ shipping from KSh 166 to Embakasi East - Utawala/mihango/GSU","Intel HD Graphics 5500","null","(7 verified ratings)","https://www.jumia.co.ke/catalog/productratingsreviews/sku/HP246CL1BJKWANAFAMZ/"
"1677257144-75","https://www.jumia.co.ke/computing/","HP Refurbished EliteBook Revolve 810 G3 TOUCHSCREEN-Core I5-8GB RAM,256GB SSD-Silver (WIN 10)+Docking StationKSh 27,999KSh 32,00013%4.7 out of 5(7)","https://www.jumia.co.ke/hp-refurbished-elitebook-revolve-810-g3-touchscreen-core-i5-8gb-ram256gb-ssd-silver-win-10docking-station-89455897.html","HP Refurbished EliteBook Revolve 810 G3 TOUCHSCREEN-Core I5-8GB RAM,256GB SSD-Silver (WIN 10)+Docking Station","KSh 27,999","+ shipping from KSh 166 to Embakasi East - Utawala/mihango/GSU","11.6-in diagonal LED-backlit HD* UWVA Touch (1366 x 768)","null","(7 verified ratings)","https://www.jumia.co.ke/catalog/productratingsreviews/sku/HP246CL1BJKWANAFAMZ/"
"1677257144-76","https://www.jumia.co.ke/computing/","HP Refurbished EliteBook Revolve 810 G3 TOUCHSCREEN-Core I5-8GB RAM,256GB SSD-Silver (WIN 10)+Docking StationKSh 27,999KSh 32,00013%4.7 out of 5(7)","https://www.jumia.co.ke/hp-refurbished-elitebook-revolve-810-g3-touchscreen-core-i5-8gb-ram256gb-ssd-silver-win-10docking-station-89455897.html","HP Refurbished EliteBook Revolve 810 G3 TOUCHSCREEN-Core I5-8GB RAM,256GB SSD-Silver (WIN 10)+Docking Station","KSh 27,999","+ shipping from KSh 166 to Embakasi East - Utawala/mihango/GSU","256 GB SATA-3 Solid State Drive","null","(7 verified ratings)","https://www.jumia.co.ke/catalog/productratingsreviews/sku/HP246CL1BJKWANAFAMZ/"
"1677257144-77","https://www.jumia.co.ke/computing/","HP Refurbished EliteBook Revolve 810 G3 TOUCHSCREEN-Core I5-8GB RAM,256GB SSD-Silver (WIN 10)+Docking StationKSh 27,999KSh 32,00013%4.7 out of 5(7)","https://www.jumia.co.ke/hp-refurbished-elitebook-revolve-810-g3-touchscreen-core-i5-8gb-ram256gb-ssd-silver-win-10docking-station-89455897.html","HP Refurbished EliteBook Revolve 810 G3 TOUCHSCREEN-Core I5-8GB RAM,256GB SSD-Silver (WIN 10)+Docking Station","KSh 27,999","+ shipping from KSh 166 to Embakasi East - Utawala/mihango/GSU","8 GB Total System Memory (4 GB on motherboard + 4 GB DIMM)","null","(7 verified ratings)","https://www.jumia.co.ke/catalog/productratingsreviews/sku/HP246CL1BJKWANAFAMZ/"
"1677257144-78","https://www.jumia.co.ke/computing/","HP Refurbished EliteBook Revolve 810 G3 TOUCHSCREEN-Core I5-8GB RAM,256GB SSD-Silver (WIN 10)+Docking StationKSh 27,999KSh 32,00013%4.7 out of 5(7)","https://www.jumia.co.ke/hp-refurbished-elitebook-revolve-810-g3-touchscreen-core-i5-8gb-ram256gb-ssd-silver-win-10docking-station-89455897.html","HP Refurbished EliteBook Revolve 810 G3 TOUCHSCREEN-Core I5-8GB RAM,256GB SSD-Silver (WIN 10)+Docking Station","KSh 27,999","+ shipping from KSh 166 to Embakasi East - Utawala/mihango/GSU","Local Area Network (LAN) Integrated Intel 1218LM Gigabit* Network Connection (vPro configurations)","null","(7 verified ratings)","https://www.jumia.co.ke/catalog/productratingsreviews/sku/HP246CL1BJKWANAFAMZ/"
"1677257144-79","https://www.jumia.co.ke/computing/","HP Refurbished EliteBook Revolve 810 G3 TOUCHSCREEN-Core I5-8GB RAM,256GB SSD-Silver (WIN 10)+Docking StationKSh 27,999KSh 32,00013%4.7 out of 5(7)","https://www.jumia.co.ke/hp-refurbished-elitebook-revolve-810-g3-touchscreen-core-i5-8gb-ram256gb-ssd-silver-win-10docking-station-89455897.html","HP Refurbished EliteBook Revolve 810 G3 TOUCHSCREEN-Core I5-8GB RAM,256GB SSD-Silver (WIN 10)+Docking Station","KSh 27,999","+ shipping from KSh 166 to Embakasi East - Utawala/mihango/GSU","Integrated 720p HD* webcam","null","(7 verified ratings)","https://www.jumia.co.ke/catalog/productratingsreviews/sku/HP246CL1BJKWANAFAMZ/"
"1677257144-80","https://www.jumia.co.ke/computing/","HP Refurbished EliteBook Revolve 810 G3 TOUCHSCREEN-Core I5-8GB RAM,256GB SSD-Silver (WIN 10)+Docking StationKSh 27,999KSh 32,00013%4.7 out of 5(7)","https://www.jumia.co.ke/hp-refurbished-elitebook-revolve-810-g3-touchscreen-core-i5-8gb-ram256gb-ssd-silver-win-10docking-station-89455897.html","HP Refurbished EliteBook Revolve 810 G3 TOUCHSCREEN-Core I5-8GB RAM,256GB SSD-Silver (WIN 10)+Docking Station","KSh 27,999","+ shipping from KSh 166 to Embakasi East - Utawala/mihango/GSU","USB 3.0 port: 1","null","(7 verified ratings)","https://www.jumia.co.ke/catalog/productratingsreviews/sku/HP246CL1BJKWANAFAMZ/"
"1677257144-81","https://www.jumia.co.ke/computing/","HP Refurbished EliteBook Revolve 810 G3 TOUCHSCREEN-Core I5-8GB RAM,256GB SSD-Silver (WIN 10)+Docking StationKSh 27,999KSh 32,00013%4.7 out of 5(7)","https://www.jumia.co.ke/hp-refurbished-elitebook-revolve-810-g3-touchscreen-core-i5-8gb-ram256gb-ssd-silver-win-10docking-station-89455897.html","HP Refurbished EliteBook Revolve 810 G3 TOUCHSCREEN-Core I5-8GB RAM,256GB SSD-Silver (WIN 10)+Docking Station","KSh 27,999","+ shipping from KSh 166 to Embakasi East - Utawala/mihango/GSU","microSD Media Reader Slot - supports SD, SDHC, SDXC","null","(7 verified ratings)","https://www.jumia.co.ke/catalog/productratingsreviews/sku/HP246CL1BJKWANAFAMZ/"
"1677257151-82","https://www.jumia.co.ke/computing/","YingHD 64GB OTG USB Flash Drive Type C SilverKSh 590KSh 80026%3.9 out of 5(126)","https://www.jumia.co.ke/64gb-otg-usb-flash-drive-type-c-silver-yinghd-mpg402173.html","YingHD 64GB OTG USB Flash Drive Type C Silver","KSh 530","+ delivery from KSh 84 (free delivery if order above KSh 1,999) to Embakasi East - Utawala/mihango/GSU","","null","(126 verified ratings)","https://www.jumia.co.ke/catalog/productratingsreviews/sku/GE840EA1BQJ65NAFAMZ/"
"1677257159-83","https://www.jumia.co.ke/computing/","Official StoreQwen USB Flash Drive  Flash Disk-32GB  SilverKSh 499KSh 99850%4.2 out of 5(235)","https://www.jumia.co.ke/qwen-usb-flash-drive-flash-disk-32gb-silver-45392844.html","Qwen USB Flash Drive  Flash Disk-32GB  Silver","KSh 499","+ delivery from KSh 84 (free delivery if order above KSh 1,999) to Embakasi East - Utawala/mihango/GSU","About The USB Flash Drive Capacity","null","(235 verified ratings)","https://www.jumia.co.ke/catalog/productratingsreviews/sku/QW220EA0QOUJUNAFAMZ/"
"1677257159-84","https://www.jumia.co.ke/computing/","Official StoreQwen USB Flash Drive  Flash Disk-32GB  SilverKSh 499KSh 99850%4.2 out of 5(235)","https://www.jumia.co.ke/qwen-usb-flash-drive-flash-disk-32gb-silver-45392844.html","Qwen USB Flash Drive  Flash Disk-32GB  Silver","KSh 499","+ delivery from KSh 84 (free delivery if order above KSh 1,999) to Embakasi East - Utawala/mihango/GSU","32GB = approximately 28G-29G","null","(235 verified ratings)","https://www.jumia.co.ke/catalog/productratingsreviews/sku/QW220EA0QOUJUNAFAMZ/"
"1677257159-85","https://www.jumia.co.ke/computing/","Official StoreQwen USB Flash Drive  Flash Disk-32GB  SilverKSh 499KSh 99850%4.2 out of 5(235)","https://www.jumia.co.ke/qwen-usb-flash-drive-flash-disk-32gb-silver-45392844.html","Qwen USB Flash Drive  Flash Disk-32GB  Silver","KSh 499","+ delivery from KSh 84 (free delivery if order above KSh 1,999) to Embakasi East - Utawala/mihango/GSU","To avoid data loss or mechanical damage, do not power down your computer or unplug flash disk during transfer.","null","(235 verified ratings)","https://www.jumia.co.ke/catalog/productratingsreviews/sku/QW220EA0QOUJUNAFAMZ/"
"1677257166-86","https://www.jumia.co.ke/computing/","Darkhorsir 2.0 High Speed 32GB Memory Card/Mirco SD/TF CardKSh 489KSh 96849%3.9 out of 5(90)","https://www.jumia.co.ke/darkhorsir-2.0-high-speed-32gb-memory-cardmirco-sdtf-card-34032252.html","Darkhorsir 2.0 High Speed 32GB Memory Card/Mirco SD/TF Card","KSh 489","+ shipping from KSh 84 to Embakasi East - Utawala/mihango/GSU","","null","(90 verified ratings)","https://www.jumia.co.ke/catalog/productratingsreviews/sku/DA630EA0F0M83NAFAMZ/"
"1677257184-87","https://www.jumia.co.ke/computing/","Out of StockGeneric Portable ALUMINIUM ALLOY Fold-able Computer Support Laptop StandKSh 945KSh 1,20021%4.8 out of 5(27)","https://www.jumia.co.ke/generic-portable-aluminium-alloy-fold-able-computer-support-laptop-stand-66795009.html","Laptop Stands","null","null","","null","null","null"
"1677257273-88","https://www.jumia.co.ke/computing/","Tech week dealGeneric Folding Metal Laptop/Tablet Stand - SilverKSh 890KSh 1,58544%4.6 out of 5(27)","https://www.jumia.co.ke/generic-folding-metal-laptoptablet-stand-silver-63961986.html","Generic Folding Metal Laptop/Tablet Stand - Silver","KSh 890","+ delivery from KSh 102 (free delivery if order above KSh 1,999) to Embakasi East - Utawala/mihango/GSU","","null","(27 verified ratings)","https://www.jumia.co.ke/catalog/productratingsreviews/sku/GE840EA1514NCNAFAMZ/"
"1677257286-89","https://www.jumia.co.ke/computing/","Official StoreQwen 32GB Mini USB Flash Disk Flash Drives Metal-SilverKSh 499KSh 99850%4.1 out of 5(320)","https://www.jumia.co.ke/mini-usb-flash-drives-flash-disk-drive-32gb-silver-qwen-mpg256069.html","Qwen 32GB Mini USB Flash Disk Flash Drives Metal-Silver","KSh 499","+ delivery from KSh 84 (free delivery if order above KSh 1,999) to Embakasi East - Utawala/mihango/GSU","About The USB Flash Drive Capacity","null","(320 verified ratings)","https://www.jumia.co.ke/catalog/productratingsreviews/sku/QW220EA09F8B4NAFAMZ/"
"1677257286-90","https://www.jumia.co.ke/computing/","Official StoreQwen 32GB Mini USB Flash Disk Flash Drives Metal-SilverKSh 499KSh 99850%4.1 out of 5(320)","https://www.jumia.co.ke/mini-usb-flash-drives-flash-disk-drive-32gb-silver-qwen-mpg256069.html","Qwen 32GB Mini USB Flash Disk Flash Drives Metal-Silver","KSh 499","+ delivery from KSh 84 (free delivery if order above KSh 1,999) to Embakasi East - Utawala/mihango/GSU","32GB = approximately 28G-29G","null","(320 verified ratings)","https://www.jumia.co.ke/catalog/productratingsreviews/sku/QW220EA09F8B4NAFAMZ/"
"1677257286-91","https://www.jumia.co.ke/computing/","Official StoreQwen 32GB Mini USB Flash Disk Flash Drives Metal-SilverKSh 499KSh 99850%4.1 out of 5(320)","https://www.jumia.co.ke/mini-usb-flash-drives-flash-disk-drive-32gb-silver-qwen-mpg256069.html","Qwen 32GB Mini USB Flash Disk Flash Drives Metal-Silver","KSh 499","+ delivery from KSh 84 (free delivery if order above KSh 1,999) to Embakasi East - Utawala/mihango/GSU","To avoid data loss or mechanical damage, do not power down your computer or unplug flash disk during transfer.","null","(320 verified ratings)","https://www.jumia.co.ke/catalog/productratingsreviews/sku/QW220EA09F8B4NAFAMZ/"
"1677257300-92","https://www.jumia.co.ke/computing/","Generic Ultra-thin Wireless Mouse 2.4G RechargeableKSh 440KSh 86349%offers from4.5 out of 5(672)","https://www.jumia.co.ke/ultra-thin-wireless-mouse-2.4g-rechargeable-generic-mpg274617.html","Generic Ultra-thin Wireless Mouse 2.4G Rechargeable","KSh 440","+ delivery from KSh 102 (free delivery if order above KSh 1,999) to Embakasi East - Utawala/mihango/GSU","","null","(672 verified ratings)","https://www.jumia.co.ke/catalog/productratingsreviews/sku/GE840EA0MR8H9NAFAMZ/"
"1677257314-93","https://www.jumia.co.ke/computing/","Generic LED 2.4G Rechargeable Wireless MouseKSh 640KSh 1,13444%4.5 out of 5(466)","https://www.jumia.co.ke/led-2.4g-rechargeable-wireless-mouse-generic-mpg416675.html","Generic LED 2.4G Rechargeable Wireless Mouse","KSh 640","+ delivery from KSh 102 (free delivery if order above KSh 1,999) to Embakasi East - Utawala/mihango/GSU","1. 2.4G wireless transmission technology provides reliable connection within a range of 10m, allows you to say goodbye to the wired shackles and operate more freely.","https://ke.jumia.is/unsafe/fit-in/500x500/filters:fill(white)/product/42/843353/1.jpg?6027","(466 verified ratings)","https://www.jumia.co.ke/catalog/productratingsreviews/sku/GE840EA0PIA55NAFAMZ/"
"1677257314-94","https://www.jumia.co.ke/computing/","Generic LED 2.4G Rechargeable Wireless MouseKSh 640KSh 1,13444%4.5 out of 5(466)","https://www.jumia.co.ke/led-2.4g-rechargeable-wireless-mouse-generic-mpg416675.html","Generic LED 2.4G Rechargeable Wireless Mouse","KSh 640","+ delivery from KSh 102 (free delivery if order above KSh 1,999) to Embakasi East - Utawala/mihango/GSU","2. Ergonomic design, fits the hand, provides comfortable feel, effectively reduces hand fatigue.","https://ke.jumia.is/unsafe/fit-in/500x500/filters:fill(white)/product/42/843353/1.jpg?6027","(466 verified ratings)","https://www.jumia.co.ke/catalog/productratingsreviews/sku/GE840EA0PIA55NAFAMZ/"
"1677257314-95","https://www.jumia.co.ke/computing/","Generic LED 2.4G Rechargeable Wireless MouseKSh 640KSh 1,13444%4.5 out of 5(466)","https://www.jumia.co.ke/led-2.4g-rechargeable-wireless-mouse-generic-mpg416675.html","Generic LED 2.4G Rechargeable Wireless Mouse","KSh 640","+ delivery from KSh 102 (free delivery if order above KSh 1,999) to Embakasi East - Utawala/mihango/GSU","3. Humanized silent design, creates a quiet and comfortable environment whether you are in quiet office or studying late at night in the library.","https://ke.jumia.is/unsafe/fit-in/500x500/filters:fill(white)/product/42/843353/1.jpg?6027","(466 verified ratings)","https://www.jumia.co.ke/catalog/productratingsreviews/sku/GE840EA0PIA55NAFAMZ/"
"1677257314-96","https://www.jumia.co.ke/computing/","Generic LED 2.4G Rechargeable Wireless MouseKSh 640KSh 1,13444%4.5 out of 5(466)","https://www.jumia.co.ke/led-2.4g-rechargeable-wireless-mouse-generic-mpg416675.html","Generic LED 2.4G Rechargeable Wireless Mouse","KSh 640","+ delivery from KSh 102 (free delivery if order above KSh 1,999) to Embakasi East - Utawala/mihango/GSU","4. Three adjustable DPI provide sensitive response and smooth operation, can position accurately in moving.","https://ke.jumia.is/unsafe/fit-in/500x500/filters:fill(white)/product/42/843353/1.jpg?6027","(466 verified ratings)","https://www.jumia.co.ke/catalog/productratingsreviews/sku/GE840EA0PIA55NAFAMZ/"
"1677257314-97","https://www.jumia.co.ke/computing/","Generic LED 2.4G Rechargeable Wireless MouseKSh 640KSh 1,13444%4.5 out of 5(466)","https://www.jumia.co.ke/led-2.4g-rechargeable-wireless-mouse-generic-mpg416675.html","Generic LED 2.4G Rechargeable Wireless Mouse","KSh 640","+ delivery from KSh 102 (free delivery if order above KSh 1,999) to Embakasi East - Utawala/mihango/GSU","5. Slim design, lightweight and portable, you can easily put it in a bag or pocket, more convenient to use.","https://ke.jumia.is/unsafe/fit-in/500x500/filters:fill(white)/product/42/843353/1.jpg?6027","(466 verified ratings)","https://www.jumia.co.ke/catalog/productratingsreviews/sku/GE840EA0PIA55NAFAMZ/"
"1677257314-98","https://www.jumia.co.ke/computing/","Generic LED 2.4G Rechargeable Wireless MouseKSh 640KSh 1,13444%4.5 out of 5(466)","https://www.jumia.co.ke/led-2.4g-rechargeable-wireless-mouse-generic-mpg416675.html","Generic LED 2.4G Rechargeable Wireless Mouse","KSh 640","+ delivery from KSh 102 (free delivery if order above KSh 1,999) to Embakasi East - Utawala/mihango/GSU","6. No driver requied, plug and play.","https://ke.jumia.is/unsafe/fit-in/500x500/filters:fill(white)/product/42/843353/1.jpg?6027","(466 verified ratings)","https://www.jumia.co.ke/catalog/productratingsreviews/sku/GE840EA0PIA55NAFAMZ/"
"1677257314-99","https://www.jumia.co.ke/computing/","Generic LED 2.4G Rechargeable Wireless MouseKSh 640KSh 1,13444%4.5 out of 5(466)","https://www.jumia.co.ke/led-2.4g-rechargeable-wireless-mouse-generic-mpg416675.html","Generic LED 2.4G Rechargeable Wireless Mouse","KSh 640","+ delivery from KSh 102 (free delivery if order above KSh 1,999) to Embakasi East - Utawala/mihango/GSU","7. Built-in 500mAh rechargeable batter y, adopt Low and energy saving technology, no need to charge the batter y repeatedly.","https://ke.jumia.is/unsafe/fit-in/500x500/filters:fill(white)/product/42/843353/1.jpg?6027","(466 verified ratings)","https://www.jumia.co.ke/catalog/productratingsreviews/sku/GE840EA0PIA55NAFAMZ/"
"1677257314-100","https://www.jumia.co.ke/computing/","Generic LED 2.4G Rechargeable Wireless MouseKSh 640KSh 1,13444%4.5 out of 5(466)","https://www.jumia.co.ke/led-2.4g-rechargeable-wireless-mouse-generic-mpg416675.html","Generic LED 2.4G Rechargeable Wireless Mouse","KSh 640","+ delivery from KSh 102 (free delivery if order above KSh 1,999) to Embakasi East - Utawala/mihango/GSU","Question:  Why the LED of mouse is not in colour light ?","https://ke.jumia.is/unsafe/fit-in/500x500/filters:fill(white)/product/42/843353/1.jpg?6027","(466 verified ratings)","https://www.jumia.co.ke/catalog/productratingsreviews/sku/GE840EA0PIA55NAFAMZ/"
"1677257314-101","https://www.jumia.co.ke/computing/","Generic LED 2.4G Rechargeable Wireless MouseKSh 640KSh 1,13444%4.5 out of 5(466)","https://www.jumia.co.ke/led-2.4g-rechargeable-wireless-mouse-generic-mpg416675.html","Generic LED 2.4G Rechargeable Wireless Mouse","KSh 640","+ delivery from KSh 102 (free delivery if order above KSh 1,999) to Embakasi East - Utawala/mihango/GSU","Answer:","https://ke.jumia.is/unsafe/fit-in/500x500/filters:fill(white)/product/42/843353/1.jpg?6027","(466 verified ratings)","https://www.jumia.co.ke/catalog/productratingsreviews/sku/GE840EA0PIA55NAFAMZ/"
"1677257314-102","https://www.jumia.co.ke/computing/","Generic LED 2.4G Rechargeable Wireless MouseKSh 640KSh 1,13444%4.5 out of 5(466)","https://www.jumia.co.ke/led-2.4g-rechargeable-wireless-mouse-generic-mpg416675.html","Generic LED 2.4G Rechargeable Wireless Mouse","KSh 640","+ delivery from KSh 102 (free delivery if order above KSh 1,999) to Embakasi East - Utawala/mihango/GSU","Specification:","https://ke.jumia.is/unsafe/fit-in/500x500/filters:fill(white)/product/42/843353/1.jpg?6027","(466 verified ratings)","https://www.jumia.co.ke/catalog/productratingsreviews/sku/GE840EA0PIA55NAFAMZ/"
"1677257314-103","https://www.jumia.co.ke/computing/","Generic LED 2.4G Rechargeable Wireless MouseKSh 640KSh 1,13444%4.5 out of 5(466)","https://www.jumia.co.ke/led-2.4g-rechargeable-wireless-mouse-generic-mpg416675.html","Generic LED 2.4G Rechargeable Wireless Mouse","KSh 640","+ delivery from KSh 102 (free delivery if order above KSh 1,999) to Embakasi East - Utawala/mihango/GSU","Name: Wireless mouse","https://ke.jumia.is/unsafe/fit-in/500x500/filters:fill(white)/product/42/843353/1.jpg?6027","(466 verified ratings)","https://www.jumia.co.ke/catalog/productratingsreviews/sku/GE840EA0PIA55NAFAMZ/"
"1677257314-104","https://www.jumia.co.ke/computing/","Generic LED 2.4G Rechargeable Wireless MouseKSh 640KSh 1,13444%4.5 out of 5(466)","https://www.jumia.co.ke/led-2.4g-rechargeable-wireless-mouse-generic-mpg416675.html","Generic LED 2.4G Rechargeable Wireless Mouse","KSh 640","+ delivery from KSh 102 (free delivery if order above KSh 1,999) to Embakasi East - Utawala/mihango/GSU","Color: Silver","https://ke.jumia.is/unsafe/fit-in/500x500/filters:fill(white)/product/42/843353/1.jpg?6027","(466 verified ratings)","https://www.jumia.co.ke/catalog/productratingsreviews/sku/GE840EA0PIA55NAFAMZ/"
"1677257314-105","https://www.jumia.co.ke/computing/","Generic LED 2.4G Rechargeable Wireless MouseKSh 640KSh 1,13444%4.5 out of 5(466)","https://www.jumia.co.ke/led-2.4g-rechargeable-wireless-mouse-generic-mpg416675.html","Generic LED 2.4G Rechargeable Wireless Mouse","KSh 640","+ delivery from KSh 102 (free delivery if order above KSh 1,999) to Embakasi East - Utawala/mihango/GSU","Material: ABS","https://ke.jumia.is/unsafe/fit-in/500x500/filters:fill(white)/product/42/843353/1.jpg?6027","(466 verified ratings)","https://www.jumia.co.ke/catalog/productratingsreviews/sku/GE840EA0PIA55NAFAMZ/"
"1677257314-106","https://www.jumia.co.ke/computing/","Generic LED 2.4G Rechargeable Wireless MouseKSh 640KSh 1,13444%4.5 out of 5(466)","https://www.jumia.co.ke/led-2.4g-rechargeable-wireless-mouse-generic-mpg416675.html","Generic LED 2.4G Rechargeable Wireless Mouse","KSh 640","+ delivery from KSh 102 (free delivery if order above KSh 1,999) to Embakasi East - Utawala/mihango/GSU","Number of keys: 4","https://ke.jumia.is/unsafe/fit-in/500x500/filters:fill(white)/product/42/843353/1.jpg?6027","(466 verified ratings)","https://www.jumia.co.ke/catalog/productratingsreviews/sku/GE840EA0PIA55NAFAMZ/"
"1677257314-107","https://www.jumia.co.ke/computing/","Generic LED 2.4G Rechargeable Wireless MouseKSh 640KSh 1,13444%4.5 out of 5(466)","https://www.jumia.co.ke/led-2.4g-rechargeable-wireless-mouse-generic-mpg416675.html","Generic LED 2.4G Rechargeable Wireless Mouse","KSh 640","+ delivery from KSh 102 (free delivery if order above KSh 1,999) to Embakasi East - Utawala/mihango/GSU","Type: 2.4G Wireless","https://ke.jumia.is/unsafe/fit-in/500x500/filters:fill(white)/product/42/843353/1.jpg?6027","(466 verified ratings)","https://www.jumia.co.ke/catalog/productratingsreviews/sku/GE840EA0PIA55NAFAMZ/"
"1677257314-108","https://www.jumia.co.ke/computing/","Generic LED 2.4G Rechargeable Wireless MouseKSh 640KSh 1,13444%4.5 out of 5(466)","https://www.jumia.co.ke/led-2.4g-rechargeable-wireless-mouse-generic-mpg416675.html","Generic LED 2.4G Rechargeable Wireless Mouse","KSh 640","+ delivery from KSh 102 (free delivery if order above KSh 1,999) to Embakasi East - Utawala/mihango/GSU","Transmission distance: Up to 10m","https://ke.jumia.is/unsafe/fit-in/500x500/filters:fill(white)/product/42/843353/1.jpg?6027","(466 verified ratings)","https://www.jumia.co.ke/catalog/productratingsreviews/sku/GE840EA0PIA55NAFAMZ/"
"1677257314-109","https://www.jumia.co.ke/computing/","Generic LED 2.4G Rechargeable Wireless MouseKSh 640KSh 1,13444%4.5 out of 5(466)","https://www.jumia.co.ke/led-2.4g-rechargeable-wireless-mouse-generic-mpg416675.html","Generic LED 2.4G Rechargeable Wireless Mouse","KSh 640","+ delivery from KSh 102 (free delivery if order above KSh 1,999) to Embakasi East - Utawala/mihango/GSU","DPI: 800-1200-1600DPI","https://ke.jumia.is/unsafe/fit-in/500x500/filters:fill(white)/product/42/843353/1.jpg?6027","(466 verified ratings)","https://www.jumia.co.ke/catalog/productratingsreviews/sku/GE840EA0PIA55NAFAMZ/"
"1677257314-110","https://www.jumia.co.ke/computing/","Generic LED 2.4G Rechargeable Wireless MouseKSh 640KSh 1,13444%4.5 out of 5(466)","https://www.jumia.co.ke/led-2.4g-rechargeable-wireless-mouse-generic-mpg416675.html","Generic LED 2.4G Rechargeable Wireless Mouse","KSh 640","+ delivery from KSh 102 (free delivery if order above KSh 1,999) to Embakasi East - Utawala/mihango/GSU","Batter y Capacity: 500mAh(rechargeable lithium batter y)","https://ke.jumia.is/unsafe/fit-in/500x500/filters:fill(white)/product/42/843353/1.jpg?6027","(466 verified ratings)","https://www.jumia.co.ke/catalog/productratingsreviews/sku/GE840EA0PIA55NAFAMZ/"
"1677257314-111","https://www.jumia.co.ke/computing/","Generic LED 2.4G Rechargeable Wireless MouseKSh 640KSh 1,13444%4.5 out of 5(466)","https://www.jumia.co.ke/led-2.4g-rechargeable-wireless-mouse-generic-mpg416675.html","Generic LED 2.4G Rechargeable Wireless Mouse","KSh 640","+ delivery from KSh 102 (free delivery if order above KSh 1,999) to Embakasi East - Utawala/mihango/GSU","Item size: 11.3 * 5.8 * 2.6cm /4.45 * 2.28 * 1.02in(L * W * H)","https://ke.jumia.is/unsafe/fit-in/500x500/filters:fill(white)/product/42/843353/1.jpg?6027","(466 verified ratings)","https://www.jumia.co.ke/catalog/productratingsreviews/sku/GE840EA0PIA55NAFAMZ/"
"1677257314-112","https://www.jumia.co.ke/computing/","Generic LED 2.4G Rechargeable Wireless MouseKSh 640KSh 1,13444%4.5 out of 5(466)","https://www.jumia.co.ke/led-2.4g-rechargeable-wireless-mouse-generic-mpg416675.html","Generic LED 2.4G Rechargeable Wireless Mouse","KSh 640","+ delivery from KSh 102 (free delivery if order above KSh 1,999) to Embakasi East - Utawala/mihango/GSU","Item weight: Approx. 79g /2.79oz","https://ke.jumia.is/unsafe/fit-in/500x500/filters:fill(white)/product/42/843353/1.jpg?6027","(466 verified ratings)","https://www.jumia.co.ke/catalog/productratingsreviews/sku/GE840EA0PIA55NAFAMZ/"
"1677257325-113","https://www.jumia.co.ke/computing/","Tech week dealYingHD Mini High Speed U Disk 128GB GoldKSh 850KSh 1,49043%3.5 out of 5(24)","https://www.jumia.co.ke/yinghd-mini-high-speed-u-disk-128gb-gold-71657000.html","YingHD Mini High Speed U Disk 128GB Gold","KSh 850","+ delivery from KSh 84 (free delivery if order above KSh 1,999) to Embakasi East - Utawala/mihango/GSU","","null","(24 verified ratings)","https://www.jumia.co.ke/catalog/productratingsreviews/sku/YI301EA001MCHNAFAMZ/"
"1677257338-114","https://www.jumia.co.ke/computing/","Tech week dealGeneric 128GB OTG Usb Flash Drive +micro Usb + Type CKSh 730KSh 1,29944%3.5 out of 5(47)","https://www.jumia.co.ke/generic-128gb-otg-usb-flash-drive-micro-usb-type-c-65907280.html","Generic 128GB OTG Usb Flash Drive +micro Usb + Type C","KSh 730","+ delivery from KSh 84 (free delivery if order above KSh 1,999) to Embakasi East - Utawala/mihango/GSU","","null","(47 verified ratings)","https://www.jumia.co.ke/catalog/productratingsreviews/sku/GE840EA04X9WSNAFAMZ/"
"1677257350-115","https://www.jumia.co.ke/computing/","Official StoreQwen Flash Disks 64GB USB Flash Drive High SpeedKSh 650KSh 1,00035%4.2 out of 5(520)","https://www.jumia.co.ke/qwen-flash-disks-64gb-usb-flash-drive-high-speed-32232733.html","Qwen Flash Disks 64GB USB Flash Drive High Speed","KSh 650","+ delivery from KSh 84 (free delivery if order above KSh 1,999) to Embakasi East - Utawala/mihango/GSU","About The USB Flash Drive Capacity","null","(520 verified ratings)","https://www.jumia.co.ke/catalog/productratingsreviews/sku/QW220EA0K2T07NAFAMZ/"
"1677257350-116","https://www.jumia.co.ke/computing/","Official StoreQwen Flash Disks 64GB USB Flash Drive High SpeedKSh 650KSh 1,00035%4.2 out of 5(520)","https://www.jumia.co.ke/qwen-flash-disks-64gb-usb-flash-drive-high-speed-32232733.html","Qwen Flash Disks 64GB USB Flash Drive High Speed","KSh 650","+ delivery from KSh 84 (free delivery if order above KSh 1,999) to Embakasi East - Utawala/mihango/GSU","64GB = approximately 57G-58G","null","(520 verified ratings)","https://www.jumia.co.ke/catalog/productratingsreviews/sku/QW220EA0K2T07NAFAMZ/"
"1677257350-117","https://www.jumia.co.ke/computing/","Official StoreQwen Flash Disks 64GB USB Flash Drive High SpeedKSh 650KSh 1,00035%4.2 out of 5(520)","https://www.jumia.co.ke/qwen-flash-disks-64gb-usb-flash-drive-high-speed-32232733.html","Qwen Flash Disks 64GB USB Flash Drive High Speed","KSh 650","+ delivery from KSh 84 (free delivery if order above KSh 1,999) to Embakasi East - Utawala/mihango/GSU","To avoid data loss or mechanical damage, do not power down your computer or unplug flash disk during transfer.","null","(520 verified ratings)","https://www.jumia.co.ke/catalog/productratingsreviews/sku/QW220EA0K2T07NAFAMZ/"
"1677257361-118","https://www.jumia.co.ke/computing/","Tech week dealGeneric Bluetooth 5.2/3.0 And 2.4G Three Modes Wireless RGB Mouse With USB Rechargeable For PC,Laptop,Macbook,Tablet, Mobile PhoneKSh 449KSh 79944%4.3 out of 5(12)","https://www.jumia.co.ke/generic-bluetooth-5.23.0-and-2.4g-three-modes-wireless-rgb-mouse-with-usb-rechargeable-for-pclaptopmacbooktablet-mobile-phone-99654718.html","Generic Bluetooth 5.2/3.0 And 2.4G Three Modes Wireless RGB Mouse With USB Rechargeable For PC,Laptop,Macbook,Tablet, Mobile Phone","KSh 449","+ shipping from KSh 102 to Embakasi East - Utawala/mihango/GSU","","null","(12 verified ratings)","https://www.jumia.co.ke/catalog/productratingsreviews/sku/GE840EA1CO3DVNAFAMZ/"
"1677257373-119","https://www.jumia.co.ke/computing/","HP 32GB Metallic Flash Disk Pen Drive +Free OTG CableKSh 598KSh 90034%offers from4.2 out of 5(677)","https://www.jumia.co.ke/32gb-metallic-flash-disk-pen-drive-free-otg-cable-hp-mpg345891.html","HP 32GB Metallic Flash Disk Pen Drive +Free OTG Cable","KSh 598","+ shipping from KSh 84 to Embakasi East - Utawala/mihango/GSU","","null","(677 verified ratings)","https://www.jumia.co.ke/catalog/productratingsreviews/sku/HP246EA05K995NAFAMZ/"
"1677257406-120","https://www.jumia.co.ke/computing/","Official StoreAnnov Memory Card 64GB High Speed+Android CableKSh 599KSh 76922%4.5 out of 5(39)","https://www.jumia.co.ke/annov-memory-card-64gb-high-speedandroid-cable-66182096.html","Annov Memory Card 64GB High Speed+Android Cable","KSh 599","+ shipping from KSh 84 to Embakasi East - Utawala/mihango/GSU","","null","(39 verified ratings)","https://www.jumia.co.ke/catalog/productratingsreviews/sku/AN944EA153IH2NAFAMZ/"
"1677257429-121","https://www.jumia.co.ke/computing/","Official StoreQwen Aluminum Alloy Laptop Stand Computer StandKSh 959KSh 1,65842%4.6 out of 5(145)","https://www.jumia.co.ke/qwen-aluminum-alloy-laptop-stand-computer-stand-61956975.html","Qwen Aluminum Alloy Laptop Stand Computer Stand","KSh 959","+ delivery from KSh 102 (free delivery if order above KSh 1,999) to Embakasi East - Utawala/mihango/GSU","","null","(145 verified ratings)","https://www.jumia.co.ke/catalog/productratingsreviews/sku/QW220EA0YIESCNAFAMZ/"
"1677257442-122","https://www.jumia.co.ke/computing/","Tech week dealHP 64GB Metallic Flash Disk Pen Drive+Free OTGKSh 745KSh 1,40047%4.5 out of 5(44)","https://www.jumia.co.ke/hp-64gb-metallic-flash-disk-pen-drivefree-otg-67663171.html","HP 64GB Metallic Flash Disk Pen Drive+Free OTG","KSh 745","+ delivery from KSh 84 (free delivery if order above KSh 1,999) to Embakasi East - Utawala/mihango/GSU","","null","(44 verified ratings)","https://www.jumia.co.ke/catalog/productratingsreviews/sku/HP246EA0A7AQSNAFAMZ/"
"1677257453-123","https://www.jumia.co.ke/computing/","HP V250W Flash Disk With Clip - 64GB - SilverKSh 725KSh 1,30044%4.1 out of 5(2756)","https://www.jumia.co.ke/hp-v250w-flash-disk-with-clip-64gb-silver-29523695.html","HP V250W Flash Disk With Clip - 64GB - Silver","KSh 725","+ delivery from KSh 84 (free delivery if order above KSh 1,999) to Embakasi East - Utawala/mihango/GSU","","null","(2756 verified ratings)","https://www.jumia.co.ke/catalog/productratingsreviews/sku/HP246EA0ZI4SWNAFAMZ/"
